[
  {
    "value": "@sys.person:person @nicknamelist:nicknamelist ",
    "synonyms": [
      "@sys.person:person @nicknamelist:nicknamelist "
    ]
  },
  {
    "value": "@nicknamelist:nicknamelistt @nicknamelist:last-name",
    "synonyms": [
      "@nicknamelist:nicknamelistt @nicknamelist:last-name"
    ]
  },
  {
    "value": "@sys.given-name:given-namec @sys.given-name:given-name6  @sys.given-name:given-name7",
    "synonyms": [
      "@sys.given-name:given-namec @sys.given-name:given-name6  @sys.given-name:given-name7"
    ]
  },
  {
    "value": "@sys.last-name:last-name_solo @sys.given-name:given-name_solo",
    "synonyms": [
      "@sys.last-name:last-name_solo @sys.given-name:given-name_solo"
    ]
  },
  {
    "value": "@sys.given-name:given-name5 @sys.given-name:given-name6 @sys.last-name:last-name_c",
    "synonyms": [
      "@sys.given-name:given-name5 @sys.given-name:given-name6 @sys.last-name:last-name_c"
    ]
  },
  {
    "value": "@sys.last-name:last-namea @sys.last-name:last-nameb\n@sys.given-name:given-name3 @sys.given-name:given-name4 \n@sys.given-name:nombre-uno @sys.given-name:nombre-2 @sys.last-name:apell-1 @sys.last-name:apell-2 \n@sys.given-name:given-name2  @sys.last-name:last-name2",
    "synonyms": [
      "@sys.last-name:last-namea @sys.last-name:last-nameb\n@sys.given-name:given-name3 @sys.given-name:given-name4 \n@sys.given-name:nombre-uno @sys.given-name:nombre-2 @sys.last-name:apell-1 @sys.last-name:apell-2 \n@sys.given-name:given-name2  @sys.last-name:last-name2"
    ]
  }
]