[
  {
    "data": [
      {
        "text": "me llamo ",
        "userDefined": false
      },
      {
        "text": "sergio",
        "meta": "@sys.person",
        "alias": "person",
        "userDefined": false
      }
    ],
    "isTemplate": false,
    "count": 1,
    "lang": "es",
    "updated": 0
  },
  {
    "data": [
      {
        "text": "me llamo ",
        "userDefined": false
      },
      {
        "text": "carlos",
        "meta": "@sys.person",
        "alias": "person",
        "userDefined": false
      }
    ],
    "isTemplate": false,
    "count": 0,
    "lang": "es",
    "updated": 0
  }
]